{
  "loads": {
    "data": [
      -30000,
      -26825.07066,
      -18308.30026,
      -7153.703235,
      3097.214679,
      9189.859472,
      9189.859472,
      3097.214679,
      -7153.703235,
      -18308.30026,
      -26825.07066,
      -30000
    ],
    "load_periods": 20,
    "hr_per_timestep": 730
  },
  "soil": {
    "soil_temperature": 10,
    "soil_conductivity": 2.0,
    "soil_rhoCp": 2343493.0
  },
  "ghe": [
    {
      "name": "field A",
      "bh_length": 100,
      "bh_resistance": 0.125,
      "num_bh": 2,
      "timestep_start_operate": 1,
      "self_lntts": [
        -8.497512438,
        -8,
        -7.490049751,
        -6.992537313,
        -6.495024876,
        -5.997512438,
        -5.487562189,
        -4.990049751,
        -4.492537313,
        -3.995024876,
        -3.485074627,
        -2.987562189,
        -2.490049751,
        -1.992537313,
        -1.495024876,
        -0.985074627,
        -0.487562189,
        -0.002487562,
        0.507462687,
        1.017412935,
        1.502487562,
        2,
        2.509950249,
        3.007462687
      ],
      "self_g_func": [
        2.605908159,
        2.873325068,
        3.102379476,
        3.369796385,
        3.618043965,
        3.885460875,
        4.133684612,
        4.477778837,
        4.841042392,
        5.223475275,
        5.663392304,
        6.064994516,
        6.485766058,
        6.868198941,
        7.269801154,
        7.613871537,
        7.919627104,
        8.148729197,
        8.377783606,
        8.510991369,
        8.567569501,
        8.643293119,
        8.680654237,
        8.679700539
      ]
    }
  ]
}